<?xml version='1.0' encoding='UTF-8'?>
<?artifactRepository version='1.1.0'?>
<repository name='Bundle pool' type='org.eclipse.equinox.p2.artifact.repository.simpleRepository' version='1'>
  <properties size='2'>
    <property name='p2.system' value='true'/>
    <property name='p2.timestamp' value='1435698246300'/>
  </properties>
  <mappings size='3'>
    <rule filter='(&amp; (classifier=osgi.bundle))' output='${repoUrl}/plugins/${id}_${version}.jar'/>
    <rule filter='(&amp; (classifier=binary))' output='${repoUrl}/binary/${id}_${version}'/>
    <rule filter='(&amp; (classifier=org.eclipse.update.feature))' output='${repoUrl}/features/${id}_${version}.jar'/>
  </mappings>
  <artifacts size='58'>
    <artifact classifier='osgi.bundle' id='org.csstudio.data' version='3.2.0.201506301858'>
      <properties size='1'>
        <property name='download.size' value='34588'/>
      </properties>
    </artifact>
    <artifact classifier='osgi.bundle' id='org.epics.pvdata' version='4.0.3'>
      <properties size='1'>
        <property name='download.size' value='297472'/>
      </properties>
    </artifact>
    <artifact classifier='osgi.bundle' id='org.epics.util' version='0.3.2'>
      <properties size='1'>
        <property name='download.size' value='91526'/>
      </properties>
    </artifact>
    <artifact classifier='osgi.bundle' id='org.hamcrest.core' version='1.3.0.v201303031735'>
      <properties size='1'>
        <property name='download.size' value='55802'/>
      </properties>
    </artifact>
    <artifact classifier='osgi.bundle' id='org.eclipse.equinox.app' version='1.3.200.v20130910-1609'>
      <properties size='1'>
        <property name='download.size' value='86245'/>
      </properties>
    </artifact>
    <artifact classifier='osgi.bundle' id='org.eclipse.jetty.io' version='8.1.16.v20140903'>
      <properties size='1'>
        <property name='download.size' value='114881'/>
      </properties>
    </artifact>
    <artifact classifier='osgi.bundle' id='org.eclipse.jetty.continuation' version='8.1.16.v20140903'>
      <properties size='1'>
        <property name='download.size' value='27556'/>
      </properties>
    </artifact>
    <artifact classifier='osgi.bundle' id='org.csstudio.java' version='3.2.0.201506301858'>
      <properties size='1'>
        <property name='download.size' value='11530'/>
      </properties>
    </artifact>
    <artifact classifier='osgi.bundle' id='org.csstudio.vtype.pv' version='4.0.1.201506301858'>
      <properties size='1'>
        <property name='download.size' value='84960'/>
      </properties>
    </artifact>
    <artifact classifier='osgi.bundle' id='javax.servlet' version='3.0.0.v201112011016'>
      <properties size='1'>
        <property name='download.size' value='201594'/>
      </properties>
    </artifact>
    <artifact classifier='osgi.bundle' id='org.eclipse.jetty.util' version='8.1.16.v20140903'>
      <properties size='1'>
        <property name='download.size' value='301767'/>
      </properties>
    </artifact>
    <artifact classifier='osgi.bundle' id='org.eclipse.osgi.services' version='3.4.0.v20140312-2051'>
      <properties size='1'>
        <property name='download.size' value='90686'/>
      </properties>
    </artifact>
    <artifact classifier='osgi.bundle' id='org.csstudio.platform.utility.rdb' version='1.6.0.201506301858'>
      <properties size='1'>
        <property name='download.size' value='18051'/>
      </properties>
    </artifact>
    <artifact classifier='osgi.bundle' id='org.eclipse.equinox.simpleconfigurator' version='1.1.0.v20131217-1203'>
      <properties size='1'>
        <property name='download.size' value='43387'/>
      </properties>
    </artifact>
    <artifact classifier='osgi.bundle' id='com.ibm.icu' version='52.1.1.v201501240615'>
      <properties size='1'>
        <property name='download.size' value='10731420'/>
      </properties>
    </artifact>
    <artifact classifier='osgi.bundle' id='org.eclipse.equinox.http.jetty' version='3.0.200.v20131021-1843'>
      <properties size='1'>
        <property name='download.size' value='25190'/>
      </properties>
    </artifact>
    <artifact classifier='osgi.bundle' id='org.csstudio.archive.vtype' version='2.0.0.201506301920'>
      <properties size='1'>
        <property name='download.size' value='25107'/>
      </properties>
    </artifact>
    <artifact classifier='osgi.bundle' id='org.eclipse.help' version='3.6.0.v20130326-1254'>
      <properties size='1'>
        <property name='download.size' value='258927'/>
      </properties>
    </artifact>
    <artifact classifier='osgi.bundle' id='org.antlr.runtime' version='3.4.0'>
      <properties size='1'>
        <property name='download.size' value='166605'/>
      </properties>
    </artifact>
    <artifact classifier='osgi.bundle' id='org.junit' version='4.11.0.v201303080030'>
      <properties size='1'>
        <property name='download.size' value='228620'/>
      </properties>
      <repositoryProperties size='1'>
        <property name='artifact.folder' value='true'/>
      </repositoryProperties>
    </artifact>
    <artifact classifier='osgi.bundle' id='org.csstudio.platform.libs.jdbc' version='1.4.0.201410121357'>
      <properties size='1'>
        <property name='download.size' value='7134184'/>
      </properties>
    </artifact>
    <artifact classifier='osgi.bundle' id='org.csstudio.archive.writer.rdb' version='3.2.14.201506301920'>
      <properties size='1'>
        <property name='download.size' value='28135'/>
      </properties>
    </artifact>
    <artifact classifier='osgi.bundle' id='org.eclipse.equinox.launcher.gtk.linux.x86_64' version='1.1.200.v20150204-1316'>
      <properties size='1'>
        <property name='download.size' value='80835'/>
      </properties>
      <repositoryProperties size='1'>
        <property name='artifact.folder' value='true'/>
      </repositoryProperties>
    </artifact>
    <artifact classifier='osgi.bundle' id='org.csstudio.archive.config.rdb' version='3.2.15.201506301920'>
      <properties size='1'>
        <property name='download.size' value='30757'/>
      </properties>
    </artifact>
    <artifact classifier='osgi.bundle' id='org.csstudio.platform.libs.epics' version='4.1.0.20150630110613'>
      <properties size='1'>
        <property name='download.size' value='505572'/>
      </properties>
    </artifact>
    <artifact classifier='osgi.bundle' id='org.eclipse.equinox.launcher' version='1.3.0.v20140415-2008'>
      <properties size='1'>
        <property name='download.size' value='50200'/>
      </properties>
    </artifact>
    <artifact classifier='osgi.bundle' id='org.eclipse.core.expressions' version='3.4.600.v20140128-0851'>
      <properties size='1'>
        <property name='download.size' value='88716'/>
      </properties>
    </artifact>
    <artifact classifier='osgi.bundle' id='org.eclipse.equinox.http.servlet' version='1.1.500.v20140318-1755'>
      <properties size='1'>
        <property name='download.size' value='44976'/>
      </properties>
    </artifact>
    <artifact classifier='osgi.bundle' id='javax.xml' version='1.3.4.v201005080400'>
      <properties size='1'>
        <property name='download.size' value='237996'/>
      </properties>
    </artifact>
    <artifact classifier='osgi.bundle' id='org.eclipse.equinox.security' version='1.2.0.v20130424-1801'>
      <properties size='1'>
        <property name='download.size' value='107313'/>
      </properties>
    </artifact>
    <artifact classifier='osgi.bundle' id='org.epics.pvaccess' version='4.0.4'>
      <properties size='1'>
        <property name='download.size' value='513436'/>
      </properties>
    </artifact>
    <artifact classifier='osgi.bundle' id='org.eclipse.jetty.servlet' version='8.1.16.v20140903'>
      <properties size='1'>
        <property name='download.size' value='109216'/>
      </properties>
    </artifact>
    <artifact classifier='osgi.bundle' id='org.eclipse.equinox.ds' version='1.4.200.v20131126-2331'>
      <properties size='1'>
        <property name='download.size' value='194802'/>
      </properties>
    </artifact>
    <artifact classifier='osgi.bundle' id='org.eclipse.jetty.http' version='8.1.16.v20140903'>
      <properties size='1'>
        <property name='download.size' value='103897'/>
      </properties>
    </artifact>
    <artifact classifier='osgi.bundle' id='com.ibm.icu.base' version='52.1.1.v201501240615'>
      <properties size='1'>
        <property name='download.size' value='182114'/>
      </properties>
    </artifact>
    <artifact classifier='osgi.bundle' id='org.eclipse.osgi' version='3.10.2.v20150203-1939'>
      <properties size='1'>
        <property name='download.size' value='1265319'/>
      </properties>
    </artifact>
    <artifact classifier='osgi.bundle' id='org.epics.vtype' version='2.9.1.20150630110613'>
      <properties size='1'>
        <property name='download.size' value='92480'/>
      </properties>
    </artifact>
    <artifact classifier='osgi.bundle' id='org.eclipse.jetty.server' version='8.1.16.v20140903'>
      <properties size='1'>
        <property name='download.size' value='372909'/>
      </properties>
    </artifact>
    <artifact classifier='osgi.bundle' id='org.csstudio.utility.httpd' version='1.0.0.201506301920'>
      <properties size='1'>
        <property name='download.size' value='8232'/>
      </properties>
    </artifact>
    <artifact classifier='osgi.bundle' id='org.eclipse.core.contenttype' version='3.4.200.v20140207-1251'>
      <properties size='1'>
        <property name='download.size' value='93948'/>
      </properties>
    </artifact>
    <artifact classifier='osgi.bundle' id='org.eclipse.equinox.registry' version='3.5.400.v20140428-1507'>
      <properties size='1'>
        <property name='download.size' value='183511'/>
      </properties>
    </artifact>
    <artifact classifier='osgi.bundle' id='org.csstudio.apputil' version='3.0.2.201506301920'>
      <properties size='1'>
        <property name='download.size' value='61801'/>
      </properties>
    </artifact>
    <artifact classifier='osgi.bundle' id='org.csstudio.workspace' version='4.0.0.201506301858'>
      <properties size='1'>
        <property name='download.size' value='10980'/>
      </properties>
    </artifact>
    <artifact classifier='osgi.bundle' id='org.eclipse.core.jobs' version='3.6.1.v20141014-1248'>
      <properties size='1'>
        <property name='download.size' value='97486'/>
      </properties>
    </artifact>
    <artifact classifier='osgi.bundle' id='org.eclipse.jetty.security' version='8.1.16.v20140903'>
      <properties size='1'>
        <property name='download.size' value='98905'/>
      </properties>
    </artifact>
    <artifact classifier='osgi.bundle' id='org.csstudio.platform.libs.jms' version='5.4.2.201410141927'>
      <properties size='1'>
        <property name='download.size' value='4042064'/>
      </properties>
    </artifact>
    <artifact classifier='osgi.bundle' id='org.csstudio.archive.writer' version='3.2.0.201506301920'>
      <properties size='1'>
        <property name='download.size' value='5139'/>
      </properties>
    </artifact>
    <artifact classifier='osgi.bundle' id='org.eclipse.core.runtime' version='3.10.0.v20140318-2214'>
      <properties size='1'>
        <property name='download.size' value='75169'/>
      </properties>
    </artifact>
    <artifact classifier='osgi.bundle' id='org.eclipse.equinox.common' version='3.6.200.v20130402-1505'>
      <properties size='1'>
        <property name='download.size' value='106701'/>
      </properties>
    </artifact>
    <artifact classifier='osgi.bundle' id='org.csstudio.archive.rdb' version='4.0.0.201506301920'>
      <properties size='1'>
        <property name='download.size' value='7557'/>
      </properties>
    </artifact>
    <artifact classifier='osgi.bundle' id='org.csstudio.archive.engine' version='4.0.0.201506301920'>
      <properties size='1'>
        <property name='download.size' value='227883'/>
      </properties>
    </artifact>
    <artifact classifier='osgi.bundle' id='org.eclipse.core.runtime.compatibility.registry' version='3.5.300.v20140128-0851'>
      <properties size='1'>
        <property name='download.size' value='18906'/>
      </properties>
      <repositoryProperties size='1'>
        <property name='artifact.folder' value='true'/>
      </repositoryProperties>
    </artifact>
    <artifact classifier='osgi.bundle' id='org.csstudio.archive.config' version='3.2.0.201506301920'>
      <properties size='1'>
        <property name='download.size' value='7147'/>
      </properties>
    </artifact>
    <artifact classifier='osgi.bundle' id='org.eclipse.equinox.preferences' version='3.5.200.v20140224-1527'>
      <properties size='1'>
        <property name='download.size' value='127161'/>
      </properties>
    </artifact>
    <artifact classifier='osgi.bundle' id='org.eclipse.equinox.util' version='1.0.500.v20130404-1337'>
      <properties size='1'>
        <property name='download.size' value='77932'/>
      </properties>
    </artifact>
    <artifact classifier='osgi.bundle' id='org.csstudio.logging' version='3.2.1.201506301858'>
      <properties size='1'>
        <property name='download.size' value='17280'/>
      </properties>
    </artifact>
    <artifact classifier='osgi.bundle' id='org.csstudio.security' version='1.1.1.201506301858'>
      <properties size='1'>
        <property name='download.size' value='36239'/>
      </properties>
    </artifact>
    <artifact classifier='osgi.bundle' id='org.eclipse.osgi.compatibility.state' version='1.0.1.v20140709-1414'>
      <properties size='1'>
        <property name='download.size' value='242131'/>
      </properties>
    </artifact>
  </artifacts>
</repository>
