<?xml version="1.0" encoding="utf-8"?>
<?xml-stylesheet type='text/xsl' href='ConversionLogFile.xsl'?>
<LogFile projectName="ProjESTHER_2_V13_SP1" typeText="Type" messageText="Message" timeText="Time">
  <MessageCell ServiceId="80" MessageId="30" MessageClass="Information" Timestamp="3/6/2015 8:26:30 PM">
    <Number ServiceNumber="80" MessageNumber="30" />
    <Text FeedbackText="Upgrade started" />
    <Help HelpId="-1" />
  </MessageCell>
  <MessageCell ServiceId="80" MessageId="30" MessageClass="Information" Timestamp="3/6/2015 8:26:30 PM">
    <Number ServiceNumber="80" MessageNumber="30" />
    <Text FeedbackText="Reading information from previous project/library." />
    <Help HelpId="-1" />
  </MessageCell>
  <MessageCell ServiceId="80" MessageId="30" MessageClass="Information" Timestamp="3/6/2015 8:26:42 PM">
    <Number ServiceNumber="80" MessageNumber="30" />
    <Text FeedbackText="Updating new project/library." />
    <Help HelpId="-1" />
  </MessageCell>
  <MessageCell ServiceId="80" MessageId="30" MessageClass="Information" Timestamp="3/6/2015 8:26:49 PM">
    <Number ServiceNumber="80" MessageNumber="30" />
    <Text FeedbackText="Updating new project/library." />
    <Help HelpId="-1" />
  </MessageCell>
  <Details ServiceId="80" MessageId="30" Timestamp="3/6/2015 8:26:50 PM" Debug="false">
    <Text>Preparing conversion of the S7 program for CPU "PLC_1"</Text>
  </Details>
  <Details ServiceId="80" MessageId="30" Timestamp="3/6/2015 8:27:18 PM" Debug="false">
    <Text>Conversion completed.</Text>
  </Details>
  <Details ServiceId="80" MessageId="30" Timestamp="3/6/2015 8:27:20 PM" Debug="false">
    <Text>Converting S7 program for CPU "PLC_1".</Text>
  </Details>
  <MessageCell ServiceId="80" MessageId="30" MessageClass="Information" Timestamp="3/6/2015 8:27:33 PM">
    <Number ServiceNumber="80" MessageNumber="30" />
    <Text FeedbackText="Converting watch table 'Watch table_1'." />
    <Help HelpId="-1" />
  </MessageCell>
  <MessageCell ServiceId="80" MessageId="30" MessageClass="Warning" Timestamp="3/6/2015 8:27:33 PM">
    <Number ServiceNumber="80" MessageNumber="30" />
    <Text FeedbackText="The definition of a symbol in watch table 'Watch table_1', line 3 was changed." />
    <Help HelpId="-1" />
  </MessageCell>
  <Details ServiceId="80" MessageId="30" Timestamp="3/6/2015 8:27:33 PM" Debug="false">
    <Text>Conversion completed.</Text>
  </Details>
  <Details ServiceId="80" MessageId="30" Timestamp="3/6/2015 8:27:33 PM" Debug="false">
    <Text>Preparing conversion of the S7 program for CPU "PLC_1"</Text>
  </Details>
  <Details ServiceId="80" MessageId="30" Timestamp="3/6/2015 8:27:33 PM" Debug="false">
    <Text>Conversion completed.</Text>
  </Details>
  <Details ServiceId="80" MessageId="30" Timestamp="3/6/2015 8:27:33 PM" Debug="false">
    <Text>Converting S7 program for CPU "PLC_1".</Text>
  </Details>
  <Details ServiceId="80" MessageId="30" Timestamp="3/6/2015 8:27:34 PM" Debug="false">
    <Text>Conversion completed.</Text>
  </Details>
  <Details ServiceId="80" MessageId="30" Timestamp="3/6/2015 8:27:34 PM" Debug="false">
    <Text>Preparing conversion of the S7 program for CPU "PLC_1"</Text>
  </Details>
  <Details ServiceId="80" MessageId="30" Timestamp="3/6/2015 8:27:34 PM" Debug="false">
    <Text>Conversion completed.</Text>
  </Details>
  <Details ServiceId="80" MessageId="30" Timestamp="3/6/2015 8:27:34 PM" Debug="false">
    <Text>Converting S7 program for CPU "PLC_1".</Text>
  </Details>
  <Details ServiceId="80" MessageId="30" Timestamp="3/6/2015 8:27:38 PM" Debug="false">
    <Text>Conversion completed.</Text>
  </Details>
  <MessageCell ServiceId="80" MessageId="30" MessageClass="Information" Timestamp="3/6/2015 8:27:46 PM">
    <Number ServiceNumber="80" MessageNumber="30" />
    <Text FeedbackText="Updating new project/library." />
    <Help HelpId="-1" />
  </MessageCell>
  <MessageCell ServiceId="80" MessageId="30" MessageClass="Information" Timestamp="3/6/2015 8:27:46 PM">
    <Number ServiceNumber="80" MessageNumber="30" />
    <Text FeedbackText="Saving the upgraded project/library." />
    <Help HelpId="-1" />
  </MessageCell>
  <MessageCell ServiceId="Automation-ObjectFrame-Feedbacks" MessageId="ConversionInfoTabProjectSucceeded" MessageClass="Success" Timestamp="3/6/2015 8:27:46 PM">
    <Number ServiceNumber="80" MessageNumber="34" />
    <Text FeedbackText="Project 'ProjESTHER_2' was successfully upgraded and saved as project 'ProjESTHER_2_V13_SP1'." />
    <Help HelpId="-1" HelpFile="" />
  </MessageCell>
</LogFile>